titulo;endereco;uf;telefone;contato;cnpj;horario_atend;servicos_of;procedimentos;gerente_uni;gerente_clin
CliniCASSI Brasilia;SIG, Quadra 4, Lote 417, Brasília (DF) – CEP: 70.610-910;DF;(61) 3424-4600;Fale com a CASSI | Central 0800 729 0080;33.719.485/0060-87;e 2ª a 6ª feira, das 7h às 19h para atendimento em saúde e das 8h às 18h para atendimento administrativo. Sábado das 8 às 14h.;"1. Atenção Primária à Saúde (APS):
a. Cuidado de saúde realizado pelos profissionais: médico, enfermeiro, técnico de enfermagem e equipe multiprofissional (assistente social, nutricionista, psicólogo e farmacêutica);
b. Educação em Saúde para grupos de participantes com enfoque na prevenção de doenças e promoção à saúde;
c. Programas de Saúde (Bem Viver, Plena Idade, Atenção Domiciliar – PAD, Saúde Mental, Viva Coração, Assistência Farmacêutica – PAF e Gerenciamento de Condições Crônicas – GCC). |

2. Especialidades que apoiam a equipe de APS: Cardiologista, Pediatra, Endocrinologista, Ginecologista e Psiquiatria. |

3. Exame laboratorial. |

4. Saúde do Trabalhador (a). |

5. Perícia Médica. |

6. Administração de imunobiológicos elegíveis para serem aplicados na CliniCASSI (consultar junto a sua equipe da CliniCASSI quais imunobiológicos elegíveis). |";"1. Administração de Medicamentos por via oral, intradérmica, nasal, ocular, otológica, parenteral, retal, subcutânea e tópica. |
2. Administração de oxigênio por catéter nasal / Máscara de Venturi. |
3. Aplicação de compressa quente. |
4. Avaliação do pé diabético. |
5. Cateterismo de alívio. |
6. Cateterismo Vesical de Demora (Passagem/troca, incluindo em cistotomia) / Troca de sonda de Folley. |
7. Cauterização química de pequenas lesões de pele e mucosa. |
8. Cirurgia da unha (cantoplastia e/ou cantotomia). |
9. Coleta de urina para realização de EAS / Urocultura em participantes que demandem ou façam uso de algum tipo de cateterismo vesical. |
10. Coleta para exame citopatológico cérvico-vaginal. |
11. Controle/Aferição sinais vitais e antropometria. |
12. Curativo em Ferida simples. |
13. Drenagem de hematoma subungueal. |
14. Eletrocardiograma |
15. Estesiometria |
16. Excisão de lesão e/ou sutura de ferimentos da pele, anexos e mucosas. |
17. Exérese de calosidades, cistos e lipomas. |
18. Exérese de nevos. 
19. Imobilização Provisória. |
20. Incisão e drenagem de abcessos. |
21. Inserção e remoção de DIU. 
22. Lavagem auditiva e remoção de cerume. |
23. Nebulização/inalação. 
24. Realização de Glicemia Capilar. |
25. Realização de teste de glicemia capilar. |
26. Remoção de molusco contagioso. |
27. Retirada de Dermatobiose Penetrar (Berne ou Miiase). |
28. Retirada de pontos. |
29. Retirada de Tunga Penetrans (Bicho de pé). |
30. Retirada/remoção de corpo estranho em diferentes tecidos, mucosas e peças anatômicas. |
31. Suporte Básico de Vida – SBV. |
32. Tamponamento de Epistaxe. |
33. Tratamento/cuidado de queimaduras (exceto grandes queimados). |
34. Troca de bolsa de colostomia / ileostomia.|";Lucineide Barbosa de Melo;Mariana Borges do Nascimento
CliniCASSI Maceió;Av. Dr. Antônio Gomes de Barros, 625 – Ed. The Square – SL 101 – Jatiuca – Maceió – AL – 57036-000;AL;(82) 3202-5797;;33.719.485/0017-94;de 2ª a 6ª feira, das 8 às 18h;"1. Atenção Primária à Saúde (APS):
a. Cuidado de saúde realizado pelos profissionais: médico, enfermeiro, técnico de enfermagem e equipe multiprofissional (assistente social e psicólogo)|
b. Educação em Saúde para grupos de participantes com enfoque na prevenção de doenças e promoção à saúde|
c. Programas de Saúde (Bem Viver, Plena Idade, Atenção Domiciliar – PAD, Saúde Mental, Viva Coração, Assistência Farmacêutica – PAF e Gerenciamento de Condições Crônicas – GCC)|
2. Especialidades que apoiam a equipe de APS: Pediatra, Ginecologista e Psiquiatra|
3. Saúde do Trabalhador (a)|
4. Perícia Médica|";;Myla Karina da S Cunha Farias;
